fixation_gen,mutation_id,mutation_type,position,selection_coeff,origin_gen
800,15849,m1,46116,0.0297076,399
800,13841,m4,64663,0,348
800,13428,m3,209671,0,339
1351,29846,m4,3175224,0,747
1351,32174,m1,47971,0.0259685,805
1351,27021,m4,666190,0,676
1351,21008,m4,907525,0,528
1459,47079,m1,84555,0.042709,1173
1459,34798,m4,96571,0,871
3028,79061,m4,3229448,0,1980
3028,67831,m4,1577605,-1.88E-18,1695
3028,56467,m1,55945,0.0125556,1412
3028,82750,m1,65838,0.0173706,2071
4415,97702,m4,3633272,-6.08E-41,2445
4504,117038,m4,1458233,-1.44E-39,2935
4504,113019,m1,40225,0.00297374,2832
4504,129186,m4,1067584,-6.37E-33,3244
4504,124446,m4,1778287,0,3127
4504,145930,m4,3847711,0,3657
4504,146042,m4,3501372,-6.71E-12,3660
4504,143918,m4,1217946,0,3607
4504,146155,m4,1554708,0,3663
6125,148291,m4,1613888,-1.36E-40,3715
6125,161663,m1,95027,0.0274155,4042
6185,201362,m4,2978247,-1.24E-32,5036
6185,167888,m4,931635,-1.19E-11,4194
6185,179586,m4,3473567,-6.72E-23,4492
6185,207927,m1,32270,0.00920386,5203
6717,233328,m1,4171,0.0179047,5850
6717,219973,m4,2323021,-6.26E-36,5506
7645,265465,m1,85088,0.0147224,6649
7645,245978,m4,554544,-1.12E-44,6163
8878,272030,m3,286487,0,6811
8878,309185,m4,402364,0,7740
8878,268911,m4,171880,0,6734
8878,285600,m4,1927626,0,7146
8878,309334,m1,12926,0.00877654,7744
8878,287600,m4,1519901,-2.58E-26,7196
10215,392865,m1,53001,0.0319954,9856
10215,329397,m4,2342531,0,8251
10215,391629,m4,513924,0,9825
10215,380837,m4,3708570,-1.34E-08,9551
10215,389481,m4,1917982,0,9771
10215,387927,m4,786979,-1.21E-39,9730
10215,391962,m4,2929825,0,9834
14726,426753,m4,325935,-3.34E-39,10704
14726,403742,m4,1582220,0,10135
14726,424278,m4,2375223,0,10645
14726,406723,m4,2572524,0,10210
14726,469354,m4,3407356,0,11763
14726,419536,m3,247466,0,10527
14726,420055,m4,2952576,0,10540
14726,465724,m4,3997341,0,11674
14726,472033,m4,2561624,-5.47E-23,11828
14726,458028,m4,1882391,0,11482
14771,528777,m4,3346400,0,13244
14771,500248,m4,1000942,0,12530
14771,495309,m4,2039423,-1.96E-44,12407
14771,492638,m4,2844681,0,12341
14771,534793,m4,3862745,-1.03E-18,13394
14771,550880,m4,3708963,-3.49E-16,13796
14771,515979,m4,1146832,0,12923
14771,506335,m4,1889229,0,12683
14771,517545,m4,1841321,-1.40E-44,12963
14792,567925,m1,31323,0.0269868,14225
14792,560435,m4,1695408,0,14034
14792,560386,m4,3199378,0,14033
17397,624388,m4,391814,0,15641
17397,598865,m3,207340,0,14998
17397,615881,m4,3483162,-3.90E-35,15428
17397,626581,m1,98725,0.00836039,15696
18529,629324,m4,1639423,-4.49E-15,15762
22259,705918,m4,3351762,-1.81E-13,17678
22259,758004,m4,2631318,0,18981
22259,682895,m4,2694702,0,17110
22259,823088,m4,3854067,0,20612
22259,701618,m4,1424322,-9.41E-30,17572
22259,752341,m4,3585889,-4.08E-19,18840
22259,642237,m4,3961813,-1.40E-45,16087
22259,671479,m4,2588131,-5.02E-37,16824
22259,738492,m4,783515,-1.05E-37,18494
22259,804412,m4,1219839,-7.85E-44,20143
22259,699263,m4,2977705,-2.74E-19,17512
22259,762179,m4,3670945,-1.17E-09,19086
22259,683754,m4,2304993,-7.16E-33,17132
22259,718473,m4,1117278,-5.39E-21,17993
22259,650994,m4,1959770,-1.03E-29,16311
22259,693775,m4,126395,-6.89E-37,17377
22259,667613,m4,2800001,-3.20E-38,16728
22259,816493,m4,510973,-6.95E-11,20448
22259,742329,m1,89453,0.004844,18589
22259,731820,m4,2143614,0,18333
22259,715770,m4,2211575,0,17928
22259,699416,m4,2678989,0,17516
22259,821914,m1,84361,0.00490774,20584
23000,846706,m1,26700,0.00521175,21206
25724,852267,m4,3239700,-7.14E-07,21345
25754,861830,m4,2286770,-3.33E-37,21581
25774,974314,m4,3202767,-7.22E-38,24404
25774,945075,m4,3779455,0,23670
25774,958415,m1,41730,0.00716645,24005
25774,948939,m4,3305475,-1.42E-31,23767
25774,981169,m4,1923984,-8.22E-39,24575
25774,927988,m4,3371364,0,23237
25774,921447,m4,2639675,-6.13E-35,23071
25774,907928,m4,2902699,-7.74E-20,22733
25774,924346,m4,3379521,0,23145
25774,948829,m4,2180669,0,23764
25774,971680,m4,495896,0,24340
25774,971065,m4,1345864,0,24324
25774,962156,m4,2913310,0,24100
27820,992930,m4,3101156,0,24867
29894,1108417,m1,66295,0.00346462,27754
29894,1080997,m4,396277,-6.95E-32,27062
29894,1030814,m4,1933222,-1.79E-39,25809
29894,1061036,m4,2665360,0,26565
29894,1013603,m4,915821,0,25378
29894,1028643,m4,1528365,-4.02E-25,25755
29894,1016925,m4,3112205,-1.60E-18,25460
29894,1022212,m4,3323655,0,25595
29894,1088982,m4,2424224,-1.99E-06,27264
29894,1071408,m3,262142,0,26826
29894,1088945,m4,2316901,0,27263
29894,1093925,m4,3087332,0,27387
32525,1121961,m4,1552344,-3.80E-08,28097
33002,1177544,m4,3889561,-9.35E-22,29494
33019,1189121,m4,1160493,-1.75E-37,29787
33019,1184954,m4,477262,-6.70E-12,29681
33019,1188819,m4,2123680,0,29779
33019,1191728,m4,1633122,0,29853
33019,1189698,m4,859575,-8.70E-31,29802
33310,1209749,m4,1227451,0,30303
33310,1211277,m1,2457,0.00212352,30340
35709,1291009,m4,932616,0,32319
35709,1286827,m4,621478,-4.78E-31,32215
35709,1215165,m4,3610593,-5.73E-23,30436
35709,1305205,m4,3490083,0,32681
35709,1312667,m4,88935,-5.49E-11,32869
35709,1342453,m1,1296,0.00890494,33615
35709,1287980,m4,3859395,0,32245
35709,1271100,m1,60678,0.00289108,31826
35709,1217185,m4,3544532,-8.55E-09,30485
35709,1313838,m4,576571,-3.36E-30,32899
36454,1380244,m4,972197,-2.14E-20,34549
36454,1388607,m1,50715,0.00449215,34760
36454,1345133,m4,2875158,0,33682
36454,1359843,m4,2412653,0,34048
40609,1484650,m4,3838679,0,37153
40609,1495838,m1,34989,0.00853264,37433
40609,1421802,m4,2307472,-8.54E-21,35589
40609,1417597,m4,3154658,-4.08E-32,35485
40609,1398409,m4,1085792,0,35003
40609,1467939,m1,88544,0.00204872,36738
40609,1390743,m4,406402,0,34812
40609,1491707,m4,1854872,-4.85E-17,37330
40609,1497085,m4,1977752,-8.38E-06,37464
40609,1403202,m4,2868392,-1.89E-42,35123
40609,1507183,m4,969175,-5.09E-23,37715
40609,1467835,m4,1427178,-2.78E-41,36736
40609,1397185,m4,1258644,0,34972
40609,1433236,m4,1860235,0,35871
40609,1543422,m4,8670,0,38628
40609,1454006,m4,2605261,-1.37E-25,36389
47770,1747098,m4,1985543,-2.14E-23,43712
47770,1724359,m4,2582076,0,43147
47770,1578652,m4,2794535,0,39512
47770,1601881,m4,3635604,0,40096
47770,1608741,m4,1493576,-9.86E-33,40269
47770,1579599,m4,1943342,0,39535
47770,1603058,m4,979173,-1.69E-09,40125
47770,1732397,m4,2381027,-3.08E-23,43344
47770,1651859,m4,1754566,-1.23E-06,41349
47770,1651650,m4,2162147,0,41344
47770,1659279,m4,415341,0,41536
47770,1632971,m4,2783406,0,40878
47770,1546296,m4,2206528,0,38701
47770,1630041,m4,3265983,0,40803
47770,1671574,m4,3761390,-1.01E-34,41842
47770,1599527,m4,3679003,-1.42E-29,40038
47770,1567632,m4,2712562,-0.000242834,39235
47770,1584363,m4,3864411,0,39658
47770,1549162,m4,2288453,-1.11E-11,38772
47770,1617815,m4,1488680,-4.11E-35,40496
47770,1729863,m4,3686027,-7.68E-09,43281
47770,1655978,m4,3361660,0,41454
47770,1729862,m3,292668,0,43281
47770,1831602,m1,36752,0.00664396,45822
47770,1658249,m4,3647999,0,41510
47770,1786442,m4,1376686,-2.34E-41,44701
47770,1751257,m4,757546,0,43815
47770,1628342,m4,3953852,-6.17E-33,40760
47770,1545405,m4,2193186,-1.85E-09,38678
47770,1698177,m4,2274453,0,42500
48629,1863697,m4,3350703,0,46624
48629,1853396,m4,2537980,-3.47E-17,46367
48629,1853232,m4,3401139,-1.93E-39,46363
48670,1887179,m4,789275,0,47208
48670,1883485,m4,800094,0,47113
48670,1898284,m4,2830174,-2.18E-17,47487
48670,1899270,m1,20153,0.00212116,47512
48670,1878521,m4,671545,0,46991
48670,1879500,m4,1995991,-3.23E-23,47015
48670,1906482,m4,1460171,-1.83E-18,47691
48670,1899043,m4,2684208,0,47506
48799,1911977,m1,25289,0.0094077,47825
48799,1908610,m4,1357993,0,47742
48799,1912533,m4,878444,-2.05E-19,47839